ID_Produto,Lote,Validade,Fornecedor,Marca,NF,DataEmissaoNF,DataEntrega,Quantidade,ValorUnitario,ValorTotal
130,2323780,30/05/2025,UNIAO QUIMICA ,,,,,88.0,,
306,16188,28/07/2026,BRASTERAPICA,,,,,483.0,,
132,1223010,12/31/2025,ZYDUS,,,,,144.0,,
132,BD00924,5/31/2026,HIPOLABOR,,,,,100.0,,
133,1011521,30/08/2025,BETHA QUIMICA ,,,,,2.0,,
134,BC-005/24,2/28/2026,HIPOLABOR,,,,,31.0,,
135,KT0P6KA,28/02/2026,BAYER,,,,,6.0,,
135,KT0PK65,3/30/2026,BAYER,,,,,4.0,,
137,2331735,8/30/2025,EQUIPLEX,,,,,130.0,,
138,AD01724,30/09/2026,HIPOLABOR,,,,,48.0,,
60,22100396,30/10/2025,CRISTALIA,,,,,9.0,,
60,22080709,30/08/2025,CRISTALIA,,,,,12.0,,
290,B23M2115,30/06/2025,NEO QUIMICA,,,,,74.0,,
140,12800524,26/08/2026,SANTISA,,,,,200.0,,
141,1249261,6/8/2026,ALLERGAN ,,,,,19.0,,
141,F47950,24/11/2025,ALLERGAN ,,,,,3.0,,
142,BR010123,12/31/2025,OFTALMOPHARMA,,,,,62.0,,
143,18149,9/30/2025,OCTALAB,,,,,186.0,,
143,72412,31/07/2026,OPHTHALMOS ,,,,,267.0,,
281,2.347.293,10/30/2025,UNIAO QUIMICA ,,,,,2.0,,
281,2426754,31/07/2026,UNIAO QUIMICA ,,,,,10.0,,
145,2400746,30/01/2027,UNIAO QUIMICA ,,,,,69.0,,
146,2401675,2/28/2026,GEOLAB,,,,,30.0,,
146,B23M0921,12/31/2025,BRAINFARMA ,,,,,257.0,,
147,42.411,4/30/2026,OPHTHALMOS ,,,,,53.0,,
147,92401,30/09/2026,OPHTHALMOS ,,,,,500.0,,
61,BZLID23025A,30/05/2025,AUROBINDO,,,,,20.0,,
62,111276C,30/11/2025,ABL ANTIBIOTICOS DO BRASIL,,,,,6.0,,
62,111327C,28/02/2026,ABL ANTIBIOTICOS DO BRASIL,,,,,50.0,,
148,176721,11/30/2025,HALEX ISTAR,,,,,156.0,,
148,184124,28/02/2026,HALEX ISTAR,,,,,75.0,,
304,PD5086,8/30/2026,SANDOZ ,,,,,98.0,,
249,24E20154G,30/04/2026,ISOFARMA,,,,,195.0,,
149,2332498,11/30/2025,EQUIPLEX,,,,,31.0,,
149,4030213,3/15/2026,ISOFARMA,,,,,100.0,,
150,2411350,3/31/2026,UNIAO QUIMICA ,,,,,41.0,,
152,5198747,2/25/2026,TEUTO,,,,,344.0,,
152,5198750,3/26/2026,TEUTO,,,,,600.0,,
153,B24E1773,5/22/2026,TAKEDA,,,,,68.0,,
154,20729924,6/1/2026,SANTISA,,,,,513.0,,
155,24010364,1/31/2026,HYPOFARMA,,,,,2.0,,
155,24051494,5/31/2026,HYPOFARMA,,,,,10.0,,
156,22.080.290,8/1/2025,CRISTALIA,,,,,7.0,,
157,2413879B,4/30/2026,UNIAO QUIMICA ,,,,,100.0,,
157,AM-005/23,11/30/2025,HIPOLABOR,,,,,50.0,,
158,24061639,6/30/2026,HYPOFARMA,,,,,274.0,,
158,D01424M,1/31/2026,HIPOLABOR,,,,,372.0,,
282,18.152,02/05/0202,OCTALAB,,,,,180.0,,
159,4673,8/31/2025,ICT,,,,,36.0,,
160,4.397,7/30/2025,ICT,,,,,1.0,,
160,18301,19/06/2025,OCTALAB,,,,,6.0,,
161,1440F0060924,30/09/2027,LEEDSAY,,,,,296.0,,
161,FL010424B,11/30/2026,OFTALMOPHARMA,,,,,15.0,,
161,FL100050724,30/07/2026,OFT VISION,,,,,90.0,,
161,FL100111224,30/12/2026,OFT,,,,,350.0,,
162,102413,31/10/2026,OPHTHALMOS ,,,,,50.0,,
163,9067422,31/10/2025,TEUTO,,,,,60.0,,
64,20.501.723,11/1/2025,SANTISA,,,,,143.0,,
64,24010083,31/01/2026,HYPOFARMA,,,,,50.0,,
288,4.050.353,27/05/2026,ISOFARMA,,,,,190.0,,
164,2432060,6/27/2026,EQUIPLEX,,,,,70.0,,
164,2433081,11/7/2026,EQUIPLEX,,,,,200.0,,
165,22070251,30/06/2025,BLAU FARMACEUTICA S/A,,,,,3.0,,
168,HLE00074,5/29/2027,VICTA,,,,,141.0,,
168,HLE00076,16/07/2027,VICTA,,,,,200.0,,
169,25961720,30/11/2025,TEUTO,,,,,43.0,,
166,92412F,30/09/2026,OPHTHALMOS ,,,,,5000.0,,
166,ME2S0160924,9/30/2026,OFT VISION,,,,,210.0,,
166,ME2S0171024,30/10/2026,OFT,,,,,500.0,,
167,82427D,30/08/2026,OPHTHALMOS ,,,,,16.0,,
311,ME4S0111024,9/30/2026,OFT,,,,,204.0,,
170,BNT6BA73,30/05/2025,NOVO NORDISK,,,,,1.0,,
171,18130,8/31/2025,OCTALAB,,,,,300.0,,
171,5107,9/30/2025,ICT,,,,,144.0,,
172,3T7062,10/30/2025,EMS,,,,,25.0,,
174,50012424,30/09/2025,CRISTALIA,,,,,66.0,,
174,50.017.134,25/01/2026,CRISTALIA,,,,,100.0,,
176,50014175,5/30/2026,CRISTALIA,,,,,19.0,,
277,24030627,3/31/2026,HYPOFARMA,,,,,238.0,,
277,LL06224,28/02/2026,HIPOLABOR,,,,,600.0,,
277,LL06324,28/02/2026,HIPOLABOR,,,,,275.0,,
313,50012990,11/04/2027,CRISTALIA,,,,,111.0,,
279,50010090,30/01/2026,CRISTALIA,,,,,12.0,,
279,50014828,5/29/2026,CRISTALIA,,,,,25.0,,
179,189586,6/30/2026,HALEX ISTAR,,,,,35.0,,
179,189.589,7/31/2026,HALEX ISTAR,,,,,10.0,,
180,587.268,6/18/2025,EYE PHARMA,,,,,8.0,,
65,77878,30/04/2026,NOVARTIS,,,,,3.0,,
65,78071,30/06/2026,ALCON,,,,,200.0,,
65,78167,7/31/2026,NOVARTIS,,,,,199.0,,
182,50015499,18/06/2026,CRISTAL ALIMENTOS,,,,,8.0,,
183,24061556,30/06/2026,HYPOFARMA,,,,,5.0,,
184,AB01324M,30/10/2025,HIPOLABOR,,,,,45.0,,
185,23101749,30/09/2025,BLAU,,,,,34.0,,
185,24040257,30/04/2026,HYPOFARMA,,,,,200.0,,
187,BL02924,9/30/2026,HIPOLABOR,,,,,95.0,,
66,50015050,6/1/2026,CRISTALIA,,,,,73.0,,
198,24112405,11/30/2026,HYPOFARMA,,,,,54.0,,
198,24112434,11/1/2026,HYPOFARMA,,,,,1000.0,,
192,2423801,31/08/2026,PHARMEDICE,,,,,18.0,,
289,4050074,27/05/2026,ISOFARMA,,,,,190.0,,
193,23081246,8/30/2025,BLAU FARMACEUTICA S/A,,,,,4.0,,
194,910.905,01/04/2026,EUROFARMA,,,,,160.0,,
195,102417,10/31/2026,OPHTHALMOS ,,,,,38.0,,
314,2410798,9/30/2026,GEOLAB,,,,,15.0,,
196,50017498,8/30/2026,CRISTALIA,,,,,450.0,,
196,77865,30/04/2026,ALCON,,,,,133.0,,
67,1935555,30/07/2026,TEUTO,,,,,50.0,,
197,31003544,30/11/2025,BIOLAB,,,,,5.0,,
54,74TB0671,1/4/2026,FRESENIUS,,,,,304.0,,
54,74TB0672,1/5/2026,FRESENIUS,,,,,64.0,,
54,74TE2055,4/18/2026,FRESENIUS,,,,,400.0,,
316,34CR0031024,10/30/2026,LEEDSAY,,,,,9.0,,
2,SN-HA3108-41,28/02/2028,VISIONARY,,,,,51.0,,
26,4085244,19/04/2028,MEDIPHACOS INDUSTRIAIS MEDICAS S/A,,,,,3.0,,
27,4.084.701,4/18/2028,MEDIPHACOS INDUSTRIAIS MEDICAS S/A,,,,,35.0,,
27,4087060,16/06/2028,MEDIPHACOS,,,,,1.0,,
27,4087427,22/06/2028,MEDIPHACOS,,,,,12.0,,
27,4087567,6/22/2028,MEDIPHACOS,,,,,26.0,,
27,4093971,11/8/2028,MEDIPHACOS,,,,,33.0,,
27,4094290,11/16/2028,MEDIPHACOS,,,,,28.0,,
28,D220501V2L,05/04/2027,MEDIPHACOS,,,,,1.0,,
28,4082797,3/6/2028,MEDIPHACOS,,,,,4.0,,
28,4085190,5/2/2028,MEDIPHACOS,,,,,13.0,,
28,4087572,22/06/2028,MEDIPHACOS,,,,,58.0,,
28,4093763,10/26/2028,MEDIPHACOS,,,,,36.0,,
29,E00354,30/09/2025,FERRARA,,,,,1.0,,
29,4085390,6/22/2028,MEDIPHACOS,,,,,12.0,,
29,4087459,22/06/2028,MEDIPHACOS,,,,,21.0,,
29,4087461,22/06/2028,MEDIPHACOS,,,,,17.0,,
30,E00330,31/12/2025,FERRARA,,,,,1.0,,
30,4085977,16/06/2028,MEDIPHACOS,,,,,7.0,,
30,4086508,16/06/2028,MEDIPHACOS,,,,,7.0,,
30,4087256,24/06/2028,MEDIPHACOS,,,,,8.0,,
31,E01198,5/1/2026,FERRARA,,,,,1.0,,
31,4087465,6/24/2028,MEDIPHACOS,,,,,58.0,,
31,4085596,16/05/2028,MEDIPHACOS,,,,,14.0,,
31,4085424,22/05/2028,MEDIPHACOS,,,,,6.0,,
31,4085978,16/05/2028,MEDIPHACOS,,,,,3.0,,
32,4088839,04/08/2028,MEDIPHACOS,,,,,9.0,,
32,4089101,8/12/2028,MEDIPHACOS,,,,,12.0,,
32,4089800,09/08/2028,MEDIPHACOS,,,,,5.0,,
32,4089930,24/08/2028,MEDIPHACOS,,,,,22.0,,
32,4090029,13/09/2028,MEDIPHACOS,,,,,8.0,,
32,4093636,23/10/2028,MEDIPHACOS,,,,,79.0,,
33,4082794,28/02/2028,MEDIPHACOS INDUSTRIAIS MEDICAS S/A,,,,,3.0,,
33,4083490,3/27/2028,MEDIPHACOS,,,,,15.0,,
33,4088733,27/07/2028,MEDIPHACOS,,,,,71.0,,
33,4088735,8/4/2028,MEDIPHACOS,,,,,11.0,,
35,4064964,20/07/2026,MEDIPHACOS INDUSTRIAIS MEDICAS S/A,,,,,3.0,,
37,4086684,6/1/2028,MEDICONE PROJETOS E SOLUÇOES PARA IND.E A SAUDE LTDA,,,,,20.0,,
38,F00445,30/11/2026,FERRARA,,,,,1.0,,
38,4080708,05/01/2028,MEDIPHACOS INDUSTRIAIS MEDICAS S/A,,,,,19.0,,
38,4022798,2/27/2028,MEDIPHACOS INDUSTRIAIS MEDICAS S/A,,,,,3.0,,
287,24071696,31/07/2026,HYPOFARMA,,,,,33.0,,
284,165624,12/31/9999,ODOUS ,,,,,50.0,,
310,202310295,10/31/2028,ADAPT,,,,,22.0,,
310,202406081,6/30/2029,ADAPT,,,,,8.0,,
270,36.178,5/5/2029,ADAPT,,,,,50.0,,
271,202404321,31/05/2029,ADAPT,,,,,30.0,,
271,202405053,31/05/2029,ADAPT,,,,,10.0,,
68,15787054,06/01/2027,ALCON,,,,,359.0,,
68,15809408,2/28/2027,ALCON,,,,,70.0,,
68,15820891,03/03/2027,ALCON,,,,,965.0,,
39,50014741,27/05/2026,CRISTALIA,,,,,68.0,,
39,F73337,5/18/2025,ALLERGAN ,,,,,47.0,,
292,74TH3512,30/07/2026,FRESENIUS,,,,,192.0,,
55,74TK4874,9/24/2026,FRESENIUS,,,,,960.0,,
55,G052024B,7/5/2026,FARMARIN,,,,,600.0,,
55,G104624B,11/12/2026,FARMARIN,,,,,420.0,,
291,74TG3404,6/29/2026,FRESENIUS,,,,,355.0,,
291,G063124B,07/08/2026,FARMARIN,,,,,505.0,,
302,12/10/2025,12/10/2025,DVT,,,,,4.0,,
301,12/10/2025,10/12/2025,DVT,,,,,6.0,,
300,12/10/2025,12/10/2025,DVT,,,,,17.0,,
280,2.400.381,1/30/2026,UNIAO QUIMICA ,,,,,100.0,,
280,2409251,31/03/2026,UNIAO QUIMICA ,,,,,3.0,,
40,2409926,3/31/2026,UNIAO QUIMICA ,,,,,500.0,,
40,9075082,15/12/2025,TEUTO,,,,,449.0,,
41,50012637,02/04/2026,CRISTALIA,,,,,171.0,,
42,50012280,3/31/2026,CRISTALIA,,,,,23.0,,
4,2301120784,30/01/2026,MEDICONE PROJETOS E SOLUÇOES PARA IND.E A SAUDE LTDA,,,,,4.0,,
4,2410129348,10/31/2027,MEDICONE,,,,,24.0,,
44,50012965,30/04/2027,CRISTALIA,,,,,153.0,,
44,50012973,30/04/2027,CRISTALIA,,,,,100.0,,
44,AS03924M,30/06/2026,HIPOLABOR,,,,,388.0,,
44,AS06024M,7/31/2026,HIPOLABOR,,,,,200.0,,
45,73520012,1/30/2026,TEUTO,,,,,6.0,,
45,BF00824,3/31/2026,HIPOLABOR,,,,,50.0,,
56,2313597,5/30/2025,EQUIPLEX,,,,,19.0,,
265,14DOCE,2/28/2032,ALCON,,,,,12.0,,
265,14E0K3,2/28/2032,ALCON,,,,,7.0,,
69,016IN0181123,30/11/2025,LEEDSAY,,,,,12.0,,
25,15FKFF,3/30/2025,ALCON,,,,,12.0,,
25,15YN7P,30/06/2025,ALCON,,,,,2.0,,
25,15YN7T,31/07/2025,ALCON,,,,,1.0,,
25,1635UJ,7/31/2025,ALCON,,,,,2.0,,
25,16RRKU,4/30/2026,ALCON,,,,,26.0,,
24,15K7WY,3/30/2025,ALCON,,,,,11.0,,
24,16DDEE,11/30/2025,ALCON,,,,,2.0,,
274,38626,29/05/2025,ADAPT,,,,,71.0,,
273,26976,8/5/2025,ADAPT,,,,,30.0,,
273,27488,08/08/2025,ADAPT,,,,,24.0,,
10,169MW7,10/31/2028,ALCON,,,,,8.0,,
286,20240518,5/17/2027,ALDG TECNOLOGIA,,,,,23.0,,
272,202401243,1/31/2029,ADAPT,,,,,50.0,,
269,ADAPT ,12/31/9999,ADAPT,,,,,6.0,,
299,18.727,11/8/2028,ADAPT,,,,,36.0,,
299,34670,4/16/2029,ADAPT,,,,,2.0,,
9,12,23/04/2026,VISAOTEK,,,,,1.0,,
9,14,9/16/2026,VISAOTEK,,,,,3.0,,
8,15,11/7/2026,VISAOTEK,,,,,5.0,,
7,12,23/04/2026,VISAOTEK,,,,,4.0,,
285,A5174592,5/31/2026,ALCON,,,,,21.0,,
295,31537051,4/7/2028,ALCON,,,,,3.0,,
294,31563737,31/10/2028,ALCON,,,,,2.0,,
293,31537214,02/04/2028,ALCON,,,,,2.0,,
258,31566553,1/1/2029,ALCON,,,,,1.0,,
258,31567055,1/12/2029,ALCON,,,,,2.0,,
257,31568667,28/01/2029,ALCON,,,,,1.0,,
259,31567027,08/01/2029,ALCON,,,,,3.0,,
260,31569707,23/02/2029,ALCON,,,,,1.0,,
262,31563723,05/11/2028,ALCON,,,,,1.0,,
248,31562615,21/10/2028,ALCON,,,,,1.0,,
252,31529949,1/29/2028,ALCON,,,,,2.0,,
252,31536714,8/22/2028,ALCON,,,,,2.0,,
255,31498312,6/22/2027,ALCON,,,,,1.0,,
255,31499652,30/06/2027,ALCON,,,,,1.0,,
251,31536781,10/04/2028,ALCON,,,,,3.0,,
259,31527597,12/02/2028,ALCON,,,,,1.0,,
207,31506389,8/15/2027,ALCON,,,,,4.0,,
207,31506391,8/14/2027,ALCON,,,,,1.0,,
207,31514198,10/9/2027,ALCON,,,,,1.0,,
208,31515640,10/18/2027,ALCON,,,,,4.0,,
208,31562712,10/24/2028,ALCON,,,,,1.0,,
209,15074923,02/06/2025,ALCON,,,,,1.0,,
209,31483737,2/2/2027,ALCON,,,,,1.0,,
209,31516398,24/10/2027,ALCON,,,,,6.0,,
210,31487539,07/03/2027,ALCON,,,,,1.0,,
210,31492494,14/04/2027,ALCON,,,,,1.0,,
210,31561759,15/10/2028,ALCON,,,,,1.0,,
210,31561762,10/15/2028,ALCON,,,,,2.0,,
210,31562718,10/27/2028,ALCON,,,,,1.0,,
211,15279556,10/6/2026,ALCON,,,,,1.0,,
211,31515977,20/10/2027,ALCON,,,,,5.0,,
212,31562725,24/10/2026,ALCON,,,,,2.0,,
212,31562727,10/24/2028,ALCON,,,,,2.0,,
212,31564315,11/4/2028,ALCON,,,,,1.0,,
212,31505616,8/8/2027,ALCON,,,,,1.0,,
213,31530032,03/02/2028,ALCON,,,,,6.0,,
214,31558226,9/8/2028,ALCON,,,,,3.0,,
215,31561117,09/10/2028,ALCON,,,,,5.0,,
216,31558234,9/5/2028,ALCON,,,,,9.0,,
216,31564323,05/11/2028,ALCON,,,,,1.0,,
217,31491230,02/04/2027,ALCON,,,,,1.0,,
217,31530051,2/5/2028,ALCON,,,,,1.0,,
217,31530196,21/02/2028,ALCON,,,,,7.0,,
218,31558874,9/6/2028,ALCON,,,,,5.0,,
218,31564909,11/18/2028,ALCON,,,,,2.0,,
219,31558876,9/15/2028,ALCON,,,,,3.0,,
219,31561750,10/15/2028,ALCON,,,,,4.0,,
220,31557333,9/2/2028,ALCON,,,,,3.0,,
220,31561755,14/10/2028,ALCON,,,,,2.0,,
220,31562637,21/10/2028,ALCON,,,,,2.0,,
221,31558266,09/09/2028,ALCON,,,,,6.0,,
221,31569216,2/9/2029,ALCON,,,,,10.0,,
222,31553948,8/15/2028,ALCON,,,,,10.0,,
222,31555760,25/08/2028,ALCON,,,,,6.0,,
223,31559201,17/09/2028,ALCON,,,,,3.0,,
223,31559202,18/09/2028,ALCON,,,,,2.0,,
223,31559205,10/2/2028,ALCON,,,,,23.0,,
223,31560347,10/2/2028,ALCON,,,,,18.0,,
223,31566489,01/01/2029,ALCON,,,,,7.0,,
224,31529178,2/8/2028,ALCON,,,,,24.0,,
224,31554961,15/08/2028,ALCON,,,,,22.0,,
224,31554972,8/15/2028,ALCON,,,,,17.0,,
224,31564395,06/11/2028,ALCON,,,,,10.0,,
224,TLP70,6/30/2027,ADAPT,,,,,9.0,,
225,31557483,01/09/2028,ALCON,,,,,23.0,,
225,31561734,10/14/2028,ALCON,,,,,4.0,,
225,31564397,11/4/2028,ALCON,,,,,28.0,,
225,31567879,1/15/2029,ALCON,,,,,18.0,,
225,TLP50,30/04/2027,ADAPT,,,,,2.0,,
225,TLP70,30/06/2027,ADAPT,,,,,17.0,,
260,31526926,02/02/2028,ALCON,,,,,1.0,,
260,31531114,2/26/2028,ALCON,,,,,1.0,,
226,31549686,7/15/2028,ALCON,,,,,29.0,,
226,31549689,7/12/2028,ALCON,,,,,2.0,,
226,31554983,8/19/2028,ALCON,,,,,3.0,,
226,31554984,19/08/2028,ALCON,,,,,29.0,,
226,31565448,11/20/2028,ALCON,,,,,13.0,,
226,31565449,25/11/2028,ALCON,,,,,36.0,,
226,TLNX0JV8,31/10/2026,ADAPT,,,,,1.0,,
226,TLP60,5/31/2027,ADAPT,,,,,16.0,,
227,31549678,10/07/2028,ALCON,,,,,1.0,,
227,31561908,10/17/2028,ALCON,,,,,43.0,,
227,31565460,11/24/2028,ALCON,,,,,22.0,,
227,31565494,11/25/2028,ALCON,,,,,14.0,,
227,TLP60,6/30/2027,ADAPT,,,,,8.0,,
227,TLP70,6/30/2027,ADAPT,,,,,7.0,,
228,31548615,04/07/2028,ALCON,,,,,43.0,,
228,31548724,04/07/2028,ALCON,,,,,1.0,,
228,31549711,7/16/2028,ALCON,,,,,18.0,,
228,31549716,15/07/2028,ALCON,,,,,16.0,,
228,31555007,19/08/2028,ALCON,,,,,1.0,,
228,31555008,18/08/2028,ALCON,,,,,1.0,,
228,31555009,8/18/2028,ALCON,,,,,10.0,,
228,31555010,8/18/2028,ALCON,,,,,24.0,,
228,TLP70,6/30/2027,ADAPT,,,,,17.0,,
229,31547818,21/06/2028,ALCON,,,,,35.0,,
229,31547819,6/21/2028,ALCON,,,,,11.0,,
229,31548738,7/3/2028,ALCON,,,,,5.0,,
229,31548740,02/07/2028,ALCON,,,,,31.0,,
229,31559741,9/24/2028,ALCON,,,,,17.0,,
229,31559742,9/24/2029,ALCON,,,,,2.0,,
229,31559749,9/24/2028,ALCON,,,,,15.0,,
229,TLP60,31/05/2027,ADAPT,,,,,14.0,,
229,TFP60,30/06/2027,ADAPT,,,,,1.0,,
230,31548758,07/07/2028,ALCON,,,,,18.0,,
230,31548768,09/07/2028,ALCON,,,,,8.0,,
230,31548771,7/7/2028,ALCON,,,,,11.0,,
230,31548772,7/9/2028,ALCON,,,,,3.0,,
230,31549016,08/07/2028,ALCON,,,,,16.0,,
230,31559770,9/26/2028,ALCON,,,,,2.0,,
230,31559777,24/09/2028,ALCON,,,,,15.0,,
230,31559781,9/26/2028,ALCON,,,,,9.0,,
230,31560521,03/10/2028,ALCON,,,,,1.0,,
230,31560545,04/10/2028,ALCON,,,,,13.0,,
230,TLP70,30/06/2027,ADAPT,,,,,18.0,,
231,31549026,07/07/2028,ALCON,,,,,50.0,,
231,31549034,07/07/2028,ALCON,,,,,17.0,,
231,31549036,07/07/2028,ALCON,,,,,1.0,,
231,31550530,23/07/2028,ALCON,,,,,2.0,,
231,31564401,11/11/2028,ALCON,,,,,5.0,,
231,31564405,11/7/2028,ALCON,,,,,4.0,,
231,TLP70,6/30/2027,ADAPT,,,,,14.0,,
232,31549157,08/07/2028,ALCON,,,,,26.0,,
232,31549159,08/07/2028,ALCON,,,,,8.0,,
232,31549282,11/07/2028,ALCON,,,,,9.0,,
232,31549287,10/07/2028,ALCON,,,,,17.0,,
232,31549732,15/07/2028,ALCON,,,,,2.0,,
232,31566073,12/11/2028,ALCON,,,,,2.0,,
232,31568454,26/01/2028,ALCON,,,,,8.0,,
232,TLP70,30/06/2027,ADAPT,,,,,14.0,,
233,31549301,7/9/2028,ALCON,,,,,5.0,,
233,31549741,16/07/2028,ALCON,,,,,12.0,,
233,31564407,11/7/2028,ALCON,,,,,24.0,,
233,31564412,10/11/2028,ALCON,,,,,17.0,,
233,TLP70,6/30/2027,ADAPT,,,,,14.0,,
233,TLP60,6/30/2027,ADAPT,,,,,5.0,,
234,31559250,9/23/2028,ALCON,,,,,33.0,,
234,31559787,23/09/2028,ALCON,,,,,6.0,,
234,31567017,08/01/2029,ALCON,,,,,18.0,,
234,TLP70,6/30/2027,ADAPT,,,,,15.0,,
235,31531626,14/03/2028,ALCON,,,,,3.0,,
235,31562017,18/10/2028,ALCON,,,,,5.0,,
235,31549977,7/17/2028,ALCON,,,,,5.0,,
235,31549982,7/18/2028,ALCON,,,,,14.0,,
235,31550184,19/07/2028,ALCON,,,,,14.0,,
235,TLP60,5/31/2027,ADAPT,,,,,17.0,,
236,31556395,8/27/2028,ALCON,,,,,4.0,,
236,31557881,05/09/2028,ALCON,,,,,8.0,,
236,31559395,9/18/2028,ALCON,,,,,5.0,,
236,31559973,30/09/2028,ALCON,,,,,6.0,,
236,31567021,1/8/2029,ALCON,,,,,3.0,,
236,31567935,1/15/2029,ALCON,,,,,7.0,,
236,TLP70,30/06/2027,ADAPT,,,,,10.0,,
237,31550966,7/31/2028,ALCON,,,,,3.0,,
237,31557886,9/4/2028,ALCON,,,,,5.0,,
237,31565076,11/19/2028,ALCON,,,,,6.0,,
237,31567087,08/01/2029,ALCON,,,,,1.0,,
237,31567688,1/12/2029,ALCON,,,,,2.0,,
237,31568244,1/19/2029,ALCON,,,,,10.0,,
237,TLP70,30/06/2027,ADAPT,,,,,10.0,,
238,31550211,24/07/2028,ALCON,,,,,3.0,,
238,31549995,7/25/2028,ALCON,,,,,6.0,,
238,31554510,18/08/2028,ALCON,,,,,5.0,,
238,31554511,8/18/2028,ALCON,,,,,3.0,,
238,31562685,10/24/2028,ALCON,,,,,6.0,,
238,31565084,11/18/2028,ALCON,,,,,10.0,,
239,31555473,21/08/2028,ALCON,,,,,3.0,,
239,31555479,8/21/2028,ALCON,,,,,11.0,,
239,31555480,20/08/2028,ALCON,,,,,10.0,,
240,31567050,07/01/2029,ALCON,,,,,6.0,,
241,31561403,10/13/2028,ALCON,,,,,5.0,,
242,31561405,13/10/2028,ALCON,,,,,4.0,,
242,31562027,18/10/2028,ALCON,,,,,1.0,,
242,31562690,23/10/2028,ALCON,,,,,3.0,,
242,31562694,23/10/2028,ALCON,,,,,1.0,,
243,31516756,10/24/2027,ALCON,,,,,1.0,,
243,31530094,07/02/2028,ALCON,,,,,2.0,,
243,31530095,2/8/2028,ALCON,,,,,2.0,,
244,31516386,10/21/2027,ALCON,,,,,2.0,,
244,31550990,7/31/2028,ALCON,,,,,4.0,,
245,15119156,07/12/2025,ALCON,,,,,1.0,,
245,31527762,25/01/2028,ALCON,,,,,3.0,,
245,31530102,07/02/2028,ALCON,,,,,4.0,,
261,31527663,29/03/2028,ALCON,,,,,1.0,,
261,31548780,17/07/2028,ALCON,,,,,1.0,,
261,31549045,16/07/2028,ALCON,,,,,2.0,,
246,31561378,14/10/2028,ALCON,,,,,1.0,,
246,31567003,1/8/2029,ALCON,,,,,2.0,,
263,31527056,2/12/2028,ALCON,,,,,2.0,,
70,138CL0100923,9/30/2026,LEEDSAY,,,,,1.0,,
71,138CL0100923,30/09/2026,LEEDSAY,,,,,2.0,,
72,138CL0151223,12/30/2026,LEEDSAY,,,,,2.0,,
73,138CL0151223,30/12/2026,LEEDSAY,,,,,3.0,,
78,138CL0010224,28/02/2027,LEEDSAY,,,,,1.0,,
79,HC4054,10/30/2026,AUROLAB ,,,,,5.0,,
79,JA9253,3/1/2027,AUROLAB ,,,,,3.0,,
81,HB3777,6/30/2026,AUROLAB ,,,,,1.0,,
81,HB3853,6/30/2026,AUROLAB ,,,,,3.0,,
81,JA5994F,01/02/2027,AUROLAB ,,,,,5.0,,
83,HC4055,10/30/2026,AUROLAB ,,,,,4.0,,
83,JA9344,4/1/2027,AUROLAB ,,,,,7.0,,
85,JA6076F,01/02/2027,AUROLAB ,,,,,6.0,,
85,JB1448F,01/04/2027,AUROLAB ,,,,,2.0,,
87,JB1555F,01/04/2027,AUROLAB ,,,,,12.0,,
89,JA2915,01/01/2027,AUROLAB ,,,,,1.0,,
91,JB1809F,30/04/2027,AUROLAB ,,,,,3.0,,
91,JB3788F,01/05/2027,AUROLAB ,,,,,6.0,,
91,JB6530,01/06/2027,AUROLAB ,,,,,10.0,,
92,JA9539,01/03/2027,AUROLAB ,,,,,3.0,,
93,JB1928F,01/04/2027,AUROLAB ,,,,,3.0,,
93,JB9693,01/07/2027,AUROLAB ,,,,,25.0,,
94,JB8526,01/07/2027,AUROLAB ,,,,,30.0,,
95,JB4524,5/1/2027,AUROLAB ,,,,,49.0,,
96,JB4600,01/05/2027,AUROLAB ,,,,,64.0,,
97,JB2152F,30/04/2027,AUROLAB ,,,,,15.0,,
97,JB2446F,01/04/2027,AUROLAB ,,,,,21.0,,
97,TFP70,30/06/2027,ADAPT,,,,,17.0,,
98,JB2374F,01/04/2027,AUROLAB ,,,,,75.0,,
99,JB2909F,01/05/2027,AUROLAB ,,,,,23.0,,
99,JB4395,01/05/2027,AUROLAB ,,,,,80.0,,
99,TFP60,30/06/2027,ADAPT,,,,,33.0,,
100,JB1450F,01/04/2027,AUROLAB ,,,,,0.0,,
100,JB1810F,01/04/2027,AUROLAB ,,,,,118.0,,
100,TFP60,31/05/2027,ADAPT,,,,,27.0,,
101,JB4840,30/05/2027,AUROLAB ,,,,,104.0,,
101,TFP60,30/06/2027,ADAPT,,,,,14.0,,
102,JB2910F,01/05/2027,AUROLAB ,,,,,109.0,,
102,TFP60,6/30/2027,ADAPT,,,,,22.0,,
103,JB5331,01/05/2027,AUROLAB ,,,,,113.0,,
103,TFP60,5/31/2027,ADAPT,,,,,2.0,,
104,JA8352,3/1/2027,AUROLAB ,,,,,88.0,,
104,JB0470F,4/1/2027,AUROLAB ,,,,,55.0,,
104,TFP60,5/31/2027,ADAPT,,,,,26.0,,
105,138CL0131123,30/11/2026,LEEDSAY,,,,,1.0,,
105,JB0471F,01/04/2027,AUROLAB ,,,,,91.0,,
105,JB1315T,4/1/2027,AUROLAB ,,,,,60.0,,
105,TFP60,5/31/2027,ADAPT,,,,,17.0,,
106,JA0030,30/12/2026,AUROLAB ,,,,,53.0,,
106,JA7482,30/03/2027,AUROLAB ,,,,,52.0,,
106,TFP60,5/31/2027,ADAPT,,,,,27.0,,
107,JB0780F,01/04/2027,AUROLAB ,,,,,72.0,,
107,TFP60,31/05/2027,ADAPT,,,,,32.0,,
108,JA7807,01/03/2027,AUROLAB ,,,,,61.0,,
108,JA3366,01/01/2027,AUROLAB ,,,,,5.0,,
108,TFP60,31/05/2027,ADAPT,,,,,36.0,,
109,JA4759,2/28/2027,AUROLAB ,,,,,8.0,,
109,JA4760,12/1/2027,AUROLAB ,,,,,14.0,,
109,JB1558F,01/04/2027,AUROLAB ,,,,,6.0,,
109,TFP60,31/05/2027,ADAPT,,,,,23.0,,
110,TFP60,5/31/2027,ADAPT,,,,,10.0,,
111,JA6382,01/02/2027,AUROLAB ,,,,,9.0,,
111,JA6519,2/1/2027,AUROLAB ,,,,,6.0,,
113,JA6260F,01/02/2027,AUROLAB ,,,,,2.0,,
113,JA9064,3/1/2027,AUROLAB ,,,,,10.0,,
115,JA2815F,01/01/2027,AUROLAB ,,,,,2.0,,
117,JA3606,1/1/2027,AUROLAB ,,,,,3.0,,
119,JA5997F,2/1/2027,AUROLAB ,,,,,13.0,,
57,1022624,12/20/2026,JP,,,,,80.0,,
57,927624,8/4/2026,JP,,,,,125.0,,
46,AP-040/24,30/05/2028,HIPOLABOR,,,,,400.0,,
47,23060139,30/06/2025,CRISTALIA PRODUTOS QUIMICOS FARMACEUTICOS LTDA,,,,,4.0,,
47,50011005,28/02/2026,CRISTALIA,,,,,10.0,,
47,BA00824,7/31/2026,HIPOLABOR,,,,,50.0,,
12,38S50030724,30/07/2026,LEEDSAY,,,,,100.0,,
12,38S50040924,9/30/2026,LEEDSAY,,,,,119.0,,
200,50018553,30/08/2026,CRISTALIA,,,,,95.0,,
200,50020219,10/31/2026,CRISTALIA,,,,,154.0,,
200,50020220,10/7/2026,CRISTALIA,,,,,260.0,,
13,08723,1/31/2026,ADAPT,,,,,1.0,,
13,36423,8/31/2026,ADAPT,,,,,3.0,,
13,39OO0040624,6/30/2026,LEEDSAY,,,,,9.0,,
13,39OO0020824,8/30/2026,LEEDSAY,,,,,32.0,,
266,15EXJD,2/28/2026,ALCON,,,,,39.0,,
14,2212120545,31/12/2025,MEDICONE PROJETOS E SOLUÇOES PARA IND.E A SAUDE LTDA,,,,,4.0,,
14,2407128251,31/07/2027,MEDICONE,,,,,12.0,,
318,16RWXW,30/04/2029,ALCON,,,,,30.0,,
283,147.424,31/12/9999,ODOUS ,,,,,80.0,,
49,AOH0210A,31/03/2026,UNIAO QUIMICA ,,,,,325.0,,
312,195697,9/1/2026,HALEX ISTAR,,,,,315.0,,
59,195859,19/06/2026,HALEX ISTAR,,,,,1740.0,,
59,286724,30/08/2026,JP,,,,,260.0,,
52,2431149,4/3/8556,UNIAO,,,,,1.0,,
58,224,31/05/2027,ADAPT,,,,,470.0,,
18,VDU20A,30/12/2026,ALCON,,,,,50.0,,
19,M42084,5/8/2027,SURGI,,,,,5.0,,
20,230606,06/06/2028,SURGISTAR,,,,,30.0,,
21,A4938,2/9/2029,OPTO,,,,,20.0,,
22,A4937,2/9/2029,OPTO,,,,,13.0,,
278,30474,3/20/2029,ADAPT,,,,,12.0,,
278,33865,29/04/2029,ADAPT,,,,,36.0,,
278,36274,02/05/2029,ADAPT,,,,,18.0,,
317,52580,10/21/2029,ADAPT,,,,,24.0,,
317,54720,11/10/2029,ADAPT,,,,,5.0,,
53,22090542,30/09/2025,CRISTALIA,,,,,4.0,,
53,9069551,07/03/2026,TEUTO,,,,,60.0,,
319,KA020,12/31/9999,HARTE,,,,,14.0,,
320,HE203,31/12/9999,HARTE,,,,,10.0,,
320,HE223,12/31/9999,HARTE,,,,,7.0,,
321,KA020,31/12/9999,HARTE,,,,,17.0,,
322,KA020,12/31/9999,HARTE,,,,,17.0,,
323,KA020,12/31/9999,HARTE,,,,,17.0,,
324,HC202,12/31/9999,HARTE,,,,,12.0,,
324,IH007,12/31/9999,HARTE,,,,,5.0,,
327,KA030,12/31/9999,HARTE,,,,,17.0,,
325,HC202,31/12/9999,HARTE,,,,,11.0,,
325,HE223,31/12/9999,HARTE,,,,,5.0,,
326,HE203,31/12/9999,HARTE,,,,,16.0,,
250,G1223,22/06/2025,AHMED,,,,,8.0,,
254,LOTE-TESTE,22/22/2222,CEROF,,,,,80.0,Nome,
195,102439,31/10/2026,OPHTHALMOS,OPHTHALMOS,169292.0,28/02/2025,30/03/2025,100.0,85.0,8500.0
186,50022517,31/12/2026,MEDISIL,CRISTALIA,164959.0,17/02/2025,06/03/2025,30.0,38.5,1155.0
39,50022086,22/11/2026,RIOCLARENSE,CRISTALIA,1977230.0,28/02/2025,06/03/2025,30.0,9.45,283.5
161,FL010125A,31/01/2027,RIOCLARENSE,OPTALMOPHARMA,1977230.0,28/02/2025,06/03/2025,300.0,12.5,3750.0
186,50019987,01/10/2026,RIOCLARENSE,CRISTALIA,1977230.0,28/02/2025,06/03/2025,26.0,26.5,795.0
5,T5B027AD,31/05/2026,CENEP,BAXTER,55536.0,24/02/2025,27/02/2025,4.0,832.0,3328.0
5,T5B027AK,31/05/2026,CENEP,BAXTER,55536.0,24/02/2025,27/02/2025,9.0,832.0,7488.0
160,18301,19/06/2025,OCTALAB,OCTALAB,140553.0,21/02/2025,26/02/2025,20.0,35.0,700.0
24,16TCRJ,30/04/2026,ALCON,ALCON,740094.0,21/02/2025,24/02/2025,50.0,3342.0,167100.0
322,KA020,31/12/9999,HOSPMED,HARTE,5664.0,07/03/2025,07/03/2025,1.0,249.0,249.0
